0.0001	1.8033522549511494e-12
0.001672268595390287	8.433345303404364e-9
0.0032445371907805737	6.159471235981853e-8
0.004816805786170861	2.0154319289964354e-7
0.006389074381561148	4.7034044743339197e-7
0.007961342976951434	9.100546790386984e-7
0.00953361157234172	1.5627628396616762e-6
0.011105880167732007	2.470552872450806e-6
0.012678148763122295	3.6755259902917536e-6
0.014250417358512582	5.219798990714111e-6
0.01582268595390287	7.145506607343805e-6
0.017394954549293157	9.494803898077798e-6
0.01896722314468344	0.000012309868670160719
0.020539491740073728	0.00001563290394234639
0.022111760335464015	0.000019506140444330146
0.023684028930854303	0.000023971839153641927
0.02525629752624459	0.000029072293870193122
0.026828566121634877	0.0000348498338286743
0.028400834717025165	0.00004134682634900467
0.029973103312415452	0.00004860567952503843
0.03154537190780574	0.00005666884495173681
0.03311764050319603	0.0000655788204910196
0.03468990909858632	0.00007537815307651447
0.036262177693976605	0.0000861094415574258
0.037834446289366885	0.00009781533958175123
0.03940671488475717	0.00011053855851907859
0.04097898348014746	0.00012432187042319957
0.04255125207553775	0.0001392081110347837
0.044123520670928035	0.00015524018282436045
0.04569578926631832	0.0001724610580758634
0.04726805786170861	0.00019091378201099496
0.0488403264570989	0.00021064147595467787
0.050412595052489184	0.00023168734054186365
0.05198486364787947	0.0002540946589659759
0.05355713224326976	0.0002779068002692719
0.055129400838660046	0.00030316722267541215
0.056701669434050334	0.00032991947696453517
0.05827393802944062	0.0003582072098911397
0.05984620662483091	0.0003880741676450867
0.061418475220221196	0.0004195641993560362
0.06299074381561148	0.000452721260641645
0.06456301241100176	0.00048758941719985574
0.06613528100639206	0.0005242128484456203
0.06770754960178234	0.0005626358511923998
0.06927981819717263	0.0006029028433788
0.07085208679256291	0.0006450583678407023
0.07242435538795321	0.0006891470961292686
0.07399662398334349	0.0007352138323751842
0.07556889257873377	0.0007833035171995491
0.07714116117412406	0.0008334612316717926
0.07871342976951434	0.0008857322013150319
0.08028569836490464	0.0009401618001592812
0.08185796696029492	0.0009967955548429409
0.08343023555568521	0.0010556791487629955
0.08500250415107549	0.0011168584262743636
0.08657477274646579	0.0011803793969388586
0.08814704134185607	0.0012462882398242073
0.08971930993724636	0.0013146313078536225
0.09129157853263664	0.001385455132206384
0.09286384712802694	0.001458806426769952
0.09443611572341722	0.0015347320926440786
0.09600838431880751	0.0016132792226974774
0.09758065291419779	0.0016944951061775315
0.09915292150958809	0.0017784272333736114
0.10072519010497837	0.0018651233003345272
0.10229745870036865	0.001954631213640693
0.10386972729575894	0.0020469990952315564
0.10544199589114922	0.0021422752872888853
0.10701426448653951	0.0022405083571765184
0.1085865330819298	0.002341747102437163
0.11015880167732009	0.002446040555846876
0.11173107027271037	0.002553437990527857
0.11330333886810066	0.002663988925120205
0.11487560746349094	0.002777743129013282
0.11644787605888124	0.002894750627637374
0.11802014465427152	0.0030150617078163197
0.11959241324966181	0.0031387269231818184
0.1211646818450521	0.003265797099650127
0.12273695044044239	0.003396323340961862
0.12430921903583267	0.0035303570342856707
0.12588148763122295	0.0036679498558865125
0.12745375622661323	0.0038091537768593286
0.1290260248220035	0.003954021068928866
0.1305982934173938	0.0041026043103165235
0.1321705620127841	0.004254956391674944
0.13374283060817438	0.004411130522091241
0.13531509920356466	0.004571180235159745
0.13688736779895494	0.004735159395125036
0.13845963639434525	0.004903122203096252
0.14003190498973553	0.0050751232033334984
0.1416041735851258	0.005251217289607301
0.1431764421805161	0.005431459711632066
0.1447487107759064	0.005615906081574444
0.14632097937129668	0.005804612380637603
0.14789324796668696	0.005997634965722408
0.14946551656207724	0.006195030576166499
0.15103778515746752	0.006396856340562258
0.15261005375285783	0.00660316978365482
0.1541823223482481	0.006814028833321035
0.1557545909436384	0.007029491827630622
0.15732685953902867	0.0072496175219905305
0.15889912813441898	0.007474465096373617
0.16047139672980926	0.007704094162632874
0.16204366532519954	0.0079385647719023
0.16361593392058982	0.008177937422085632
0.16518820251598013	0.00842227306543413
0.1667604711113704	0.00867163311621467
0.1683327397067607	0.008926079458469382
0.16990500830215097	0.009185674453868172
0.17147727689754128	0.009450480949655279
0.17304954549293156	0.009720562286691381
0.17462181408832184	0.009995982307592459
0.17619408268371212	0.01027680536496689
0.1777663512791024	0.010563096329752011
0.1793386198744927	0.010854920599651867
0.18091088846988299	0.011152344107677192
0.18248315706527327	0.011455433330789529
0.18405542566066355	0.011764255298650595
0.18562769425605385	0.012078877602478751
0.18719996285144413	0.012399368404013856
0.18877223144683442	0.012725796444592315
0.1903445000422247	0.013058231054333779
0.191916768637615	0.013396742161441214
0.19348903723300528	0.013741400301615936
0.19506130582839556	0.014092276627589467
0.19663357442378585	0.014449442918773694
0.19820584301917615	0.014812971591031376
0.19977811161456643	0.015182935706568479
0.20135038020995671	0.015559408983950519
0.202922648805347	0.01594246580824442
0.20449491740073727	0.016332181241287966
0.20606718599612758	0.01672863103208885
0.20763945459151786	0.017131891627354904
0.20921172318690814	0.01754204018215805
0.21078399178229842	0.017959154570733486
0.21235626037768873	0.01838331339741646
0.213928528973079	0.01881459600771861
0.2155007975684693	0.019253082499546107
0.21707306616385957	0.01969885373456162
0.21864533475924988	0.020151991349692457
0.22021760335464016	0.020612577768787017
0.22178987195003044	0.02108069621442197
0.22336214054542072	0.02155643071986228
0.22493440914081103	0.022039866141176742
0.2265066777362013	0.02253108816951112
0.2280789463315916	0.02303018334352154
0.22965121492698187	0.023537239061970656
0.23122348352237215	0.024052343596488914
0.23279575211776246	0.024575586104503777
0.23436802071315274	0.02510705664233926
0.23594028930854302	0.02564684617848875
0.2375125579039333	0.026195046607063475
0.2390848264993236	0.026751750761419838
0.2406570950947139	0.027317052427967867
0.24222936369010417	0.027891046360164304
0.24380163228549445	0.028473828292692613
0.24537390088088476	0.02906549495583342
0.24694616947627504	0.029666144090028
0.24851843807166532	0.03027587446063808
0.25009070666705563	0.030894785872905135
0.2516629752624459	0.031522979187112166
0.2532352438578362	0.0321605563339514
0.25480751245322647	0.032807620330101164
0.25637978104861675	0.03346427529401507
0.25795204964400703	0.03413062646192729
0.2595243182393973	0.03480678020407711
0.2610965868347876	0.03549284404115651
0.2626688554301779	0.03618892666098415
0.2642411240255682	0.03689513793540946
0.2658133926209585	0.03761158893745096
0.26738566121634877	0.03833839195867196
0.26895792981173905	0.03907566052679796
0.27053019840712933	0.039823509423579546
0.2721024670025196	0.04058205470290468
0.2736747355979099	0.0413514137091648
0.2752470041933002	0.04213170509587837
0.2768192727886905	0.04292304884457636
0.2783915413840808	0.04372556628395419
0.27996380997947107	0.04453938010929416
0.28153607857486135	0.04536461440216268
0.28310834717025163	0.046201394650387376
0.2846806157656419	0.04704984776831827
0.2862528843610322	0.04791010211737776
0.28782515295642247	0.048782287526904264
0.2893974215518128	0.04966653531529451
0.2909696901472031	0.05056297831144883
0.29254195874259337	0.051471750876525724
0.29411422733798365	0.052392988926009194
0.2956864959333739	0.053326829952095436
0.2972587645287642	0.05427341304640358
0.2988310331241545	0.05523287892301579
0.30040330171954477	0.056205369941852816
0.30197557031493505	0.057191030132389846
0.3035478389103254	0.05819000521771894
0.30512010750571567	0.059202442638963626
0.30669237610110595	0.06022849158005173
0.3082646446964962	0.06126830299285211
0.3098369132918865	0.062322029622682074
0.3114091818872768	0.06338982603419088
0.31298145048266707	0.06447184863762653
0.31455371907805735	0.0655682557154918
0.3161259876734477	0.06667920744959614
0.31769825626883796	0.06780486594851061
0.31927052486422824	0.06894539527543202
0.3208427934596185	0.07010096147646393
0.3224150620550088	0.07127173260932097
0.3239873306503991	0.07245787877246439
0.32555959924578937	0.07365957213467532
0.32713186784117965	0.07487698696507435
0.3287041364365699	0.07611029966359402
0.33027640503196026	0.07735968879191281
0.33184867362735054	0.0786253351048577
0.3334209422227408	0.07990742158228471
0.3349932108181311	0.08120613346144377
0.3365654794135214	0.08252165826983841
0.33813774800891166	0.08385418585858695
0.33971001660430195	0.08520390843629491
0.3412822851996922	0.08657102060344754
0.34285455379508256	0.08795571938733085
0.34442682239047284	0.08935820427749064
0.3459990909858631	0.09077867726173953
0.3475713595812534	0.09221734286272057
0.3491436281766437	0.09367440817503703
0.35071589677203396	0.09515008290296
0.35228816536742424	0.09664457939872162
0.3538604339628145	0.09815811270140588
0.3554327025582048	0.0996909005764465
0.35700497115359514	0.10124316355574323
0.3585772397489854	0.10281512497840734
0.3601495083443757	0.1044070110321468
0.361721776939766	0.10601905079530302
0.36329404553515626	0.10765147627955092
0.36486631413054654	0.10930452247327327
0.3664385827259368	0.11097842738562173
0.3680108513213271	0.11267343209127718
0.36958311991671744	0.114389780775921
0.3711553885121077	0.11612772078242993
0.372727657107498	0.11788750265780876
0.3742999257028883	0.11966938020087262
0.37587219429827856	0.12147361051069229
0.37744446289366884	0.12330045403581766
0.3790167314890591	0.12515017462429157
0.3805890000844494	0.12702303957446884
0.3821612686798397	0.1289193196866562
0.38373353727523	0.13083928931558575
0.3853058058706203	0.13278322642373852
0.3868780744660106	0.13475141263553325
0.38845034306140086	0.1367441332923961
0.39002261165679114	0.13876167750872598
0.3915948802521814	0.14080433822877453
0.3931671488475717	0.14287241228445452
0.394739417442962	0.1449662004540951
0.3963116860383523	0.14708600752216136
0.3978839546337426	0.14923214233995452
0.3994562232291329	0.1514049178873125
0.40102849182452316	0.15360465133532777
0.40260076041991344	0.15583166411010163
0.4041730290153037	0.15808628195755414
0.405745297610694	0.16036883500930907
0.4073175662060843	0.16267965784967373
0.40888983480147456	0.16501908958373357
0.4104621033968649	0.16738747390658304
0.4120343719922552	0.1697851591737127
0.41360664058764546	0.17221249847257455
0.41517890918303574	0.1746698496953484
0.416751177778426	0.17715757561292933
0.4183234463738163	0.1796760439501619
0.4198957149692066	0.18222562746234208
0.42146798356459686	0.1848067040130121
0.4230402521599872	0.18741965665307114
0.4246125207553775	0.19006487370122865
0.42618478935076776	0.19274274882582237
0.42775705794615804	0.19545368112803127
0.4293293265415483	0.19819807522650434
0.4309015951369386	0.20097634134343625
0.4324738637323289	0.20378889539211628
0.43404613232771916	0.2066361590659763
0.43561840092310944	0.20951855992917
0.4371906695184998	0.21243653150870875
0.43876293811389006	0.21539051338818613
0.44033520670928034	0.2183809513031214
0.4419074753046706	0.22140829723795147
0.4434797439000609	0.22447300952470395
0.4450520124954512	0.2275755529433835
0.44662428109084146	0.23071639882410477
0.44819654968623174	0.23389602515100358
0.4497688182816221	0.23711491666796414
0.45134108687701235	0.24037356498619314
0.45291335547240263	0.2436724686936808
0.4544856240677929	0.24701213346658224
0.4560578926631832	0.2503930721825569
0.4576301612585735	0.2538158050361065
0.45920242985396376	0.25728085965594705
0.46077469844935404	0.2607887712244575
0.4623469670447443	0.264340082599243
0.46391923564013465	0.26793534443685807
0.46549150423552493	0.2715751153187256
0.4670637728309152	0.27525996187930385
0.4686360414263055	0.27899045893653546
0.4702083100216958	0.28276718962463354
0.47178057861708605	0.2865907455292418
0.47335284721247634	0.2904617268250232
0.4749251158078666	0.29438074241572026
0.47649738440325695	0.29834841007673973
0.47806965299864723	0.30236535660030717
0.4796419215940375	0.30643221794324854
0.4812141901894278	0.3105496393774474
0.4827864587848181	0.31471827564303034
0.48435872738020835	0.31893879110433926
0.48593099597559863	0.3232118599087435
0.4875032645709889	0.3275381661483485
0.4890755331663792	0.3319184040246626
0.49064780176176953	0.33635327801627773
0.4922200703571598	0.34084350304962646
0.4937923389525501	0.34538980467288016
0.49536460754794037	0.3499929192330481
0.49693687614333065	0.3546535940563438
0.49850914473872093	0.3593725876318867
0.5000814133341113	0.3641506697988057
0.5016536819295015	0.36898862193681436
0.5032259505248918	0.3738872371603284
0.5047982191202821	0.37884732051619996
0.5063704877156724	0.38386968918514075
0.5079427563110627	0.3889551726869099
0.509515024906453	0.3941046130893471
0.5110872935018432	0.39931886522132753
0.5126595620972335	0.404598796889721
0.5142318306926238	0.4099452891004362
0.5158040992880141	0.41535923628364135
0.5173763678834044	0.4208415465232376
0.5189486364787946	0.42639314179068477
0.5205209050741849	0.4320149581832627
0.5220931736695752	0.43770794616686565
0.5236654422649656	0.44347307082342124
0.5252377108603559	0.44931131210303216
0.5268099794557461	0.4552236650809447
0.5283822480511364	0.46121114021943665
0.5299545166465267	0.46727476363473797
0.531526785241917	0.4734155773690831
0.5330990538373073	0.4796346396680098
0.5346713224326975	0.4859330252630114
0.5362435910280878	0.4923118256596595
0.5378158596234781	0.49877214943131154
0.5393881282188684	0.5053151225185257
0.5409603968142587	0.5119418885342999
0.542532665409649	0.5186536090752674
0.5441049340050392	0.5254514640389681
0.5456772026004295	0.532336651947336
0.5472494711958198	0.539310390276529
0.5488217397912101	0.5463739157932405
0.5503940083866005	0.5535284848976373
0.5519662769819907	0.5607753739730593
0.553538545577381	0.568115879742639
0.5551108141727713	0.5755513196329789
0.5566830827681616	0.5830830321450523
0.5582553513635519	0.5907123772324798
0.5598276199589421	0.5984407366873393
0.5613998885543324	0.6062695145336864
0.5629721571497227	0.6142001374289434
0.564544425745113	0.6222340550733366
0.5661166943405033	0.6303727406275558
0.5676889629358935	0.6386176911388244
0.5692612315312838	0.6469704279755573
0.5708335001266741	0.6554324972708065
0.5724057687220644	0.6640054703746836
0.5739780373174547	0.6726909443159617
0.575550305912845	0.681490542273064
0.5771225745082353	0.6904059140546474
0.5786948431036256	0.6994387365899896
0.5802671116990159	0.7085907144294193
0.5818393802944062	0.7178635802549935
0.5834116488897965	0.7272590954016664
0.5849839174851867	0.7367790503891841
0.586556186080577	0.7464252654649471
0.5881284546759673	0.7561995911580951
0.5897007232713576	0.7661039088450597
0.5912729918667479	0.776140131326854
0.5928452604621381	0.7863102034183688
0.5944175290575284	0.7966161025499435
0.5959897976529187	0.8070598393814982
0.597562066248309	0.817643458429514
0.5991343348436993	0.8283690387071636
0.6007066034390895	0.8392386943778791
0.6022788720344798	0.850254575422693
0.6038511406298701	0.861418868321651
0.6054234092252605	0.8727337967496278
0.6069956778206508	0.8842016222868927
0.6085679464160411	0.8958246451447565
0.6101402150114313	0.9076052049066552
0.6117124836068216	0.9195456812850354
0.6132847522022119	0.9316484948944139
0.6148570207976022	0.9439161080409811
0.6164292893929925	0.9563510255291562
0.6180015579883827	0.9689557954854766
0.619573826583773	0.9817330102002444
0.6211460951791633	0.9946853069873479
0.6227183637745536	1.0078153690626859
0.6242906323699439	1.0211259264416446
0.6258629009653341	1.0346197568560818
0.6274351695607244	1.0482996866912788
0.6290074381561147	1.062168591943344
0.630579706751505	1.0762293991975629
0.6321519753468954	1.090485086628193
0.6337242439422857	1.1049386850202172
0.6352965125376759	1.1195932788136085
0.6368687811330662	1.1344520071706226
0.6384410497284565	1.1495180650667012
0.6400133183238468	1.1647947044055462
0.6415855869192371	1.1802852351589617
0.6431578555146273	1.1959930265320757
0.6447301241100176	1.211921508154547
0.6463023927054079	1.2280741712984062
0.6478746613007982	1.2444545701232
0.6494469298961885	1.2610663229490742
0.6510191984915787	1.2779131135585322
0.652591467086969	1.2949986925275465
0.6541637356823593	1.3123268785867654
0.6557360042777496	1.3299015600135702
0.6573082728731399	1.3477266960557324
0.6588805414685303	1.3658063183874884
0.6604528100639205	1.3841445325988149
0.6620250786593108	1.4027455197187688
0.6635973472547011	1.4216135377737302
0.6651696158500914	1.4407529233814271
0.6667418844454817	1.4601680933816565
0.6683141530408719	1.4798635465046406
0.6698864216362622	1.499843865077944
0.6714586902316525	1.5201137167729706
0.6730309588270428	1.540677856392017
0.6746032274224331	1.5615411276969555
0.6761754960178233	1.5827084652805719
0.6777477646132136	1.6041848964816887
0.6793200332086039	1.6259755433451992
0.6808923018039942	1.6480856246281428
0.6824645703993845	1.6705204578530441
0.6840368389947747	1.6932854614097348
0.6856091075901651	1.7163861567069072
0.6871813761855554	1.7398281703747005
0.6887536447809457	1.7636172365196696
0.690325913376336	1.7877591990334805
0.6918981819717263	1.812260013956761
0.6934704505671165	1.8371257518995534
0.6950427191625068	1.8623626005198572
0.6966149877578971	1.8879768670618098
0.6981872563532874	1.9139749809550597
0.6997595249486777	1.9403634964769947
0.7013317935440679	1.9671490954794613
0.7029040621394582	1.9943385901817212
0.7044763307348485	2.021938926031401
0.7060485993302388	2.0499571846352787
0.7076208679256291	2.078400586761754
0.7091931365210193	2.1072764954169587
0.7107654051164096	2.136592418996488
0.7123376737118	2.1663560145148035
0.7139099423071903	2.1965750909143917
0.7154822109025806	2.227257612456903
0.7170544794979709	2.2584117021984356
0.7186267480933611	2.2900456455513236
0.7201990166887514	2.322167893934771
0.7217712852841417	2.3547870685167753
0.723343553879532	2.387911964049866
0.7249158224749223	2.421551552803226
0.7264880910703125	2.455714988593905
0.7280603596657028	2.490411610919808
0.7296326282610931	2.525650949197367
0.7312048968564834	2.561442727106753
0.7327771654518737	2.5977968670476623
0.7343494340472639	2.634723494708791
0.7359217026426542	2.6722329437541337
0.7374939712380445	2.710335760629479
0.7390662398334349	2.749042709492427
0.7406385084288252	2.788364777269444
0.7422107770242155	2.8283131788436005
0.7437830456196057	2.8688993623766503
0.745355314214996	2.9101350147693097
0.7469275828103863	2.9520320672637084
0.7484998514057766	2.9946027011920404
0.7500721200011669	3.03785935387569
0.7516443885965571	3.0818147246790795
0.7532166571919474	3.1264817812227887
0.7547889257873377	3.1718737657605076
0.756361194382728	3.218004201724631
0.7579334629781183	3.264886900445336
0.7595057315735085	3.3125359680482847
0.7610780001688988	3.360965812536113
0.7626502687642891	3.410191151059169
0.7642225373596794	3.460227017380999
0.7657948059550698	3.511088769544375
0.76736707455046	3.5627920977437895
0.7689393431458503	3.6153530324105305
0.7705116117412406	3.668787952516662
0.7720838803366309	3.723113594104442
0.7736561489320212	3.7783470590479333
0.7752284175274115	3.834505824053729
0.7768006861228017	3.891607749908028
0.778372954718192	3.949671090977469
0.7799452233135823	4.008714504971339
0.7815174919089726	4.068757062973224
0.7830897605043629	4.1298182597501025
0.7846620290997531	4.191918024347479
0.7862342976951434	4.255076730979265
0.7878065662905337	4.319315210221359
0.789378834885924	4.384654760518395
0.7909511034813143	4.451117160013204
0.7925233720767046	4.518724678708994
0.7940956406720949	4.587500090974536
0.7956679092674852	4.657466688403094
0.7972401778628755	4.728648293036016
0.7988124464582658	4.801069270962397
0.800384715053656	4.874754546306713
0.8019569836490463	4.949729615616432
0.8035292522444366	5.02602056266238
0.8051015208398269	5.103654073664776
0.8066737894352172	5.182657452958516
0.8082460580306075	5.26305863911159
0.8098183266259977	5.344886221511159
0.811390595221388	5.42816945743215
0.8129628638167783	5.5129382896039045
0.8145351324121686	5.599223364290874
0.8161074010075589	5.68705604990394
0.8176796696029491	5.776468456159437
0.8192519381983395	5.867493453803849
0.8208242067937298	5.960164694922298
0.8223964753891201	6.054516633850157
0.8239687439845104	6.150584548707255
0.8255410125799006	6.248404563575322
0.8271132811752909	6.348013671339704
0.8286855497706812	6.449449757217334
0.8302578183660715	6.552751622993702
0.8318300869614618	6.657959011992332
0.833402355556852	6.765112634801109
0.8349746241522423	6.874254195780969
0.8365468927476326	6.985426420382804
0.8381191613430229	7.098673083300151
0.8396914299384132	7.214039037485523
0.8412636985338035	7.331570244059783
0.8428359671291937	7.451313803144761
0.844408235724584	7.573317985650604
0.8459805043199744	7.697632266050371
0.8475527729153647	7.82430735617569
0.849125041510755	7.953395240068691
0.8506973101061452	8.084949209926329
0.8522695787015355	8.219023903175167
0.8538418472969258	8.355675340715537
0.8554141158923161	8.494960966375997
0.8569863844877064	8.63693968762004
0.8585586530830966	8.781671917549266
0.8601309216784869	8.9292196182481
0.8617031902738772	9.079646345517697
0.8632754588692675	9.233017295047933
0.8648477274646578	9.389399350078468
0.866419996060048	9.548861130601956
0.8679922646554383	9.711473044164396
0.8695645332508286	9.877307338319694
0.8711368018462189	10.046438154798171
0.8727090704416093	10.21894158545035
0.8742813390369996	10.394895730030541
0.8758536076323898	10.574380755887038
0.8774258762277801	10.757478959627992
0.8789981448231704	10.944274830835335
0.8805704134185607	11.134855117901981
0.882142682013951	11.329308896069982
0.8837149506093412	11.527727637751262
0.8852872192047315	11.730205285215007
0.8868594878001218	11.936838325730175
0.8884317563955121	12.147725869254156
0.8900040249909024	12.362969728763026
0.8915762935862926	12.582674503322707
0.8931485621816829	12.806947664003934
0.8947208307770732	13.03589964274888
0.8962930993724635	13.269643924301185
0.8978653679678538	13.508297141316087
0.8994376365632442	13.751979172772288
0.9010099051586344	14.000813245811516
0.9025821737540247	14.25492604113896
0.904154442349415	14.514447802120474
0.9057267109448053	14.77951244772122
0.9072989795401956	15.050257689434275
0.9088712481355858	15.326825152355376
0.9104435167309761	15.60936050056627
0.9120157853263664	15.898013566995871
0.9135880539217567	16.192938487936324
0.915160322517147	16.49429384239795
0.9167325911125372	16.802242796496273
0.9183048597079275	17.11695325307084
0.9198771283033178	17.438598006747043
0.9214493968987081	17.767354904658127
0.9230216654940984	18.103407013057566
0.9245939340894886	18.446942790059424
0.926166202684879	18.798156264756425
0.9277384712802693	19.157247222976668
0.9293107398756596	19.524421399950455
0.9308830084710499	19.899890680172277
0.9324552770664402	20.28387330475525
0.9340275456618304	20.67659408658896
0.9355998142572207	21.078284633625472
0.937172082852611	21.489183580634073
0.9387443514480013	21.90953682978008
0.9403166200433916	22.339597800400078
0.9418888886387818	22.7796276883628
0.9434611572341721	23.22989573542309
0.9450334258295624	23.690679508996492
0.9466056944249527	24.162265192799808
0.948177963020343	24.64494788882695
0.9497502316157332	25.139031931149194
0.9513225002111235	25.64483121205337
0.9528947688065139	26.162669521056905
0.9544670374019042	26.692880897361846
0.9560393059972945	27.235809996341416
0.9576115745926848	27.791812470676792
0.959183843188075	28.36125536679509
0.9607561117834653	28.94451753729097
0.9623283803788556	29.541990070046726
0.9639006489742459	30.15407673480123
0.9654729175696362	30.781194447957954
0.9670451861650264	31.423773756456907
0.9686174547604167	32.08225934158201
0.970189723355807	32.75711054361508
0.9717619919511973	33.44880190829652
0.9733342605465876	34.15782375610073
0.9749065291419778	34.88468277538461
0.9764787977373681	35.62990264052517
0.9780510663327584	36.39402465621574
0.9796233349281488	37.17760842915513
0.9811956035235391	37.98123256842492
0.9827678721189294	38.8054954159214
0.9843401407143196	39.65101580827741
0.9859124093097099	40.51843387178891
0.9874846779051002	41.40841185193821
0.9890569465004905	42.32163497919491
0.9906292150958808	43.258812372863495
0.992201483691271	44.22067798484303
0.9937737522866613	45.20799158526628
0.9953460208820516	46.221539792094475
0.9969182894774419	47.262137146856354
0.9984905580728322	48.33062723884149
1.0000628266682225	49.42788388019097
1.0016350952636128	50.554812334455974
1.003207363859003	51.71235060135339
1.0047796324543934	52.90147076058802
1.0063519010497837	54.12318037778575
1.007924169645174	55.37852397575082
1.0094964382405642	56.668584574447124
1.0110687068359545	57.99448530330449
1.0126409754313448	59.35739108965336
1.014213244026735	60.75851042732655
1.0157855126221254	62.19909722969295
1.0173577812175156	63.68045277165534
1.018930049812906	65.20392772540283
1.0205023184082962	66.77092429501194
1.0220745870036865	68.38289845528536
1.0236468555990768	70.04136230055808
1.025219124194467	71.74788650955156
1.0267913927898573	73.50410293272434
1.0283636613852476	75.31170730898481
1.0299359299806379	77.17246211905112
1.0315081985760282	79.08819958321162
1.0330804671714184	81.06082481172969
1.0346527357668087	83.09231911666848
1.036225004362199	85.18474349447602
1.0377972729575893	87.34024228928428
1.0393695415529796	89.56104704752445
1.0409418101483698	91.84948057516351
1.0425140787437601	94.20796120962314
1.0440863473391504	96.63900731924329
1.0456586159345407	99.1452420440431
1.0472308845299312	101.72939829243761
1.0488031531253215	104.39432400960763
1.0503754217207117	107.1429877342997
1.051947690316102	109.97848446198488
1.0535199589114923	112.90404183359551
1.0550922275068826	115.92302667041632
1.0566644961022729	119.03895187716851
1.0582367646976631	122.25548373692631
1.0598090332930534	125.57644962323775
1.0613813018884437	129.00584615666992
1.062953570483834	132.54784783501702
1.0645258390792243	136.2068161686194
1.0660981076746145	139.98730935459582
1.0676703762700048	143.89409252636273
1.069242644865395	147.93214861764042
1.0708149134607854	152.10668988314694
1.0723871820561757	156.42317012153342
1.073959450651566	160.88729764967434
1.0755317192469562	165.5050490813984
1.0771039878423465	170.28268396796156
1.0786762564377368	175.2267603623236
1.080248525033127	180.34415137430028
1.0818207936285174	185.6420627893329
1.0833930622239076	191.1280518296357
1.084965330819298	196.8100471432722
1.0865375994146882	202.6963701139443
1.0881098680100785	208.79575759241877
1.0896821366054688	215.11738615929585
1.091254405200859	221.67089803860483
1.0928266737962493	228.46642879235506
1.0943989423916396	235.51463693804283
1.0959712109870299	242.82673564408822
1.0975434795824202	250.4145266725314
1.0991157481778104	258.2904367542906
1.100688016773201	266.46755659976435
1.1022602853685912	274.95968276717514
1.1038325539639815	283.78136263259535
1.1054048225593718	292.9479427296359
1.106977091154762	302.4756207535878
1.1085493597501523	312.38150155443293
1.1101216283455426	322.6836574765002
1.111693896940933	333.40119343945406
1.1132661655363232	344.5543171968973
1.1148384341317135	356.1644152552157
1.1164107027271037	368.25413498734366
1.117982971322494	380.8474735347032
1.1195552399178843	393.9698741562388
1.1211275085132746	407.6483307576587
1.1226997771086649	421.9115014175966
1.1242720457040551	436.7898318220221
1.1258443142994454	452.31568962508686
1.1274165828948357	468.52351087635304
1.128988851490226	485.4499597919945
1.1305611200856163	503.13410330482907
1.1321333886810065	521.6176020072736
1.1337056572763968	540.9449193059835
1.135277925871787	561.1635508413776
1.1368501944671774	582.3242764947581
1.1384224630625677	604.4814376146962
1.139994731657958	627.6932424517538
1.1415670002533482	652.022103201961
1.1431392688487385	677.5350085377121
1.1447115374441288	704.3039360576439
1.146283806039519	732.4063097329295
1.1478560746349094	761.9255081786748
1.1494283432302996	792.951430460008
1.15100061182569	825.5811271744167
1.1525728804210802	859.9195057675722
1.1541451490164707	896.0801204731193
1.155717417611861	934.1860589645252
1.1572896862072513	974.3709398241791
1.1588619548026415	1016.7800373356297
1.1604342233980318	1061.5715529809245
1.162006491993422	1108.9180564705148
1.1635787605888124	1159.0081232907469
1.1651510291842027	1212.0482007781354
1.166723297779593	1268.2647408337464
1.1682955663749832	1327.9066448371166
1.1698678349703735	1391.248075441734
1.1714401035657638	1458.5917011661563
1.173012372161154	1530.2724535895857
1.1745846407565443	1606.661894242272
1.1761569093519346	1688.1733098865227
1.177729177947325	1775.267682058698
1.1793014465427152	1868.460711116389
1.1808737151381055	1968.3311188043267
1.1824459837334957	2075.530509449527
1.184018252328886	2190.795142311112
1.1855905209242763	2314.9600617871856
1.1871627895196666	2448.97615564287
1.1887350581150569	2593.930874646425
1.1903073267104471	2751.073564742112
1.1918795953058374	2921.8466561630953
1.1934518639012277	3107.924352969733
1.195024132496618	3311.261015587444
1.1965964010920083	3534.152193370659
1.1981686696873985	3779.312342202536
1.1997409382827888	4049.974803299231
1.201313206878179	4350.021856011904
1.2028854754735694	4684.155956535176
1.2044577440689597	5058.128228175182
1.20603001266435	5479.047853605676
1.2076022812597402	5955.807885497221
1.2091745498551307	6499.682003498081
1.210746818450521	7125.178027044647
1.2123190870459113	7851.287023189352
1.2138913556413016	8703.359833321087
1.2154636242366919	9716.012287242827
1.2170358928320821	10937.7831592606
1.2186081614274724	12438.916473669315
1.2201804300228627	14325.020848479546
1.221752698618253	16762.529354968505
1.2233249672136433	20029.854246409723
1.2248972358090335	24630.60858561506
1.2264695044044238	31579.022774612673
1.228041772999814	43266.830967234695
1.2296140415952044	67004.19091269512
1.2311863101905947	141039.75758449358
1.232758578785985	-2.4842283464350277e6
1.2343308473813752	-132175.93394471286
1.2359031159767655	-69392.44681068376
1.2374753845721558	-47734.58690868875
1.239047653167546	-36775.798898764035
1.2406199217629363	-30166.503590372016
1.2421921903583266	-25751.804458657807
1.243764458953717	-22598.592595450522
1.2453367275491072	-20237.131872896687
1.2469089961444975	-18405.18963948122
1.2484812647398877	-16944.851085527698
1.250053533335278	-15755.337280517582
1.2516258019306683	-14769.306797111729
1.2531980705260586	-13940.049070161233
1.2547703391214489	-13234.144887986913
1.2563426077168391	-12627.051988313964
1.2579148763122294	-12100.340400519059
1.2594871449076197	-11639.900413315945
1.26105941350301	-11234.746074803048
1.2626316820984005	-10876.195450642494
1.2642039506937908	-10557.296136290273
1.265776219289181	-10272.414485484473
1.2673484878845713	-10016.936593464014
1.2689207564799616	-9787.047103977939
1.270493025075352	-9579.563193634414
1.2720652936707422	-9391.808318110785
1.2736375622661325	-9221.515037985673
1.2752098308615227	-9066.749400602761
1.276782099456913	-8925.851499779956
1.2783543680523033	-8797.38831595725
1.2799266366476936	-8680.115976815046
1.2814989052430839	-8572.94931506648
1.2830711738384741	-8474.937130072036
1.2846434424338644	-8385.241945495678
1.2862157110292547	-8303.123338922354
1.287787979624645	-8227.92413023721
1.2893602482200353	-8159.058873767199
1.2909325168154255	-8096.0042189878895
1.2925047854108158	-8038.290796071769
1.294077054006206	-7985.496352909909
1.2956493226015964	-7937.239924839841
1.2972215911969867	-7893.176860896109
1.298793859792377	-7852.994563899602
1.3003661283877672	-7816.408828190424
1.3019383969831575	-7783.160679881559
1.3035106655785478	-7753.01364138507
1.305082934173938	-7725.751355537876
1.3066552027693283	-7701.175515624383
1.3082274713647186	-7679.104056529975
1.309799739960109	-7659.3695695300785
1.3113720085554992	-7641.817909228098
1.3129442771508895	-7626.306966043326
1.3145165457462797	-7612.705581775916
1.3160888143416702	-7600.892589111358
1.3176610829370605	-7590.755958809062
1.3192333515324508	-7582.192040631913
1.320805620127841	-7575.104886108061
1.3223778887232314	-7569.405642858121
1.3239501573186216	-7565.012011664364
1.325522425914012	-7561.847758652335
1.3270946945094022	-7559.842275978979
1.3286669631047925	-7558.930185306429
1.3302392317001828	-7559.050979084739
1.331811500295573	-7560.148695317548
1.3333837688909633	-7562.171622035067
1.3349560374863536	-7565.072028184273
1.3365283060817439	-7568.805918063269
1.3381005746771342	-7573.332806775861
1.3396728432725244	-7578.615514518472
1.3412451118679147	-7584.619977764791
1.342817380463305	-7591.31507565971
1.3443896490586953	-7598.672470155254
1.3459619176540856	-7606.666458580123
1.3475341862494759	-7615.273837520703
1.3491064548448661	-7624.473777018738
1.3506787234402564	-7634.247704214393
1.3522509920356467	-7644.579195687851
1.353823260631037	-7655.453877824843
1.3553955292264273	-7666.859334644761
1.3569677978218175	-7678.785022583214
1.3585400664172078	-7691.222191799962
1.360112335012598	-7704.163813637216
1.3616846036079884	-7717.604513908645
1.3632568722033787	-7731.540511742535
1.364829140798769	-7745.969563747279
1.3664014093941592	-7760.890913303913
1.3679736779895495	-7776.305244820444
1.36954594658494	-7792.214642814911
1.3711182151803303	-7808.622555723144
1.3726904837757206	-7825.533764347327
1.3742627523711108	-7842.954354884541
1.3758350209665011	-7860.891696501555
1.3774072895618914	-7879.3544234289475
1.3789795581572817	-7898.352421582206
1.380551826752672	-7917.896819719743
1.3821240953480622	-7937.999985176945
1.3836963639434525	-7958.675524223401
1.3852686325388428	-7979.938287116511
1.386840901134233	-8001.804377932515
1.3884131697296234	-8024.291169284571
1.3899854383250136	-8047.417322045522
1.391557706920404	-8071.202810221456
1.3931299755157942	-8095.668951140895
1.3947022441111845	-8120.838441144303
1.3962745127065748	-8146.7353969859005
1.397846781301965	-8173.385403188497
1.3994190498973553	-8200.815565614006
1.4009913184927456	-8229.054571553646
1.4025635870881359	-8258.132756665962
1.4041358556835262	-8288.082179138913
1.4057081242789164	-8318.936701486246
1.4072803928743067	-8350.732080438996
1.408852661469697	-8383.50606544254
1.4104249300650873	-8417.298506323265
1.4119971986604776	-8452.15147075663
1.4135694672558679	-8488.109372229348
1.4151417358512581	-8525.219109271024
1.4167140044466484	-8563.530216810577
1.4182862730420387	-8603.09503060591
1.419858541637429	-8643.968865802375
1.4214308102328193	-8686.210210786698
1.4230030788282098	-8729.880937632171
1.4245753474236	-8775.046530575477
1.4261476160189903	-8821.7763341227
1.4277198846143806	-8870.143822560423
1.4292921532097709	-8920.22689284765
1.4308644218051612	-8972.108183085611
1.4324366904005514	-9025.875419014437
1.4340089589959417	-9081.621791263267
1.435581227591332	-9139.446366400298
1.4371534961867223	-9199.454535180119
1.4387257647821126	-9261.758501791179
1.4402980333775028	-9326.477818355428
1.4418703019728931	-9393.73996944773
1.4434425705682834	-9463.681011981718
1.4450148391636737	-9536.446276470984
1.446587107759064	-9612.191136419762
1.4481593763544542	-9691.08185345817
1.4497316449498445	-9773.296506804776
1.4513039135452348	-9859.026016757933
1.452876182140625	-9948.47527319227
1.4544484507360154	-10041.86438149646
1.4560207193314056	-10139.430040075518
1.457592987926796	-10241.42706547211
1.4591652565221862	-10348.130083398763
1.4607375251175765	-10459.835406554548
1.4623097937129668	-10576.863123092055
1.463882062308357	-10699.55942307585
1.4654543309037473	-10828.299194311292
1.4670265994991376	-10963.4889236429
1.4685988680945279	-11105.569945322235
1.4701711366899182	-11255.022084503977
1.4717434052853084	-11412.367751506505
1.4733156738806987	-11578.1765513947
1.474887942476089	-11753.070483977399
1.4764602110714795	-11937.729821774044
1.4780324796668698	-12132.899768299882
1.47960474826226	-12339.398016623458
1.4811770168576504	-12558.123349160474
1.4827492854530406	-12790.065444827662
1.484321554048431	-13036.316089886284
1.4858938226438212	-13298.08202520362
1.4874660912392115	-13576.699706653393
1.4890383598346018	-13873.652308743513
1.490610628429992	-14190.58936651723
1.4921828970253823	-14529.34953014868
1.4937551656207726	-14891.987003998975
1.4953274342161629	-15280.802361780237
1.4968997028115532	-15698.378577708427
1.4984719714069434	-16147.623297605574
1.5000442400023337	-16631.818603552496
1.501616508597724	-17154.679813480885
1.5031887771931143	-17720.42521953497
1.5047610457885046	-18333.859127802436
1.5063333143838948	-19000.47114579205
1.5079055829792851	-19726.555411025194
1.5094778515746754	-20519.354415464117
1.5110501201700657	-21387.233325295772
1.512622388765456	-22339.892317651607
1.5141946573608462	-23388.626583680976
1.5157669259562365	-24546.64645838006
1.5173391945516268	-25829.473878545636
1.518911463147017	-27255.436387784306
1.5204837317424074	-28846.286692810838
1.5220560003377976	-30627.9850311837
1.523628268933188	-32631.694353409654
1.5252005375285782	-34895.056037608076
1.5267728061239685	-37463.838739734994
1.5283450747193588	-40394.088326452584
1.5299173433147493	-43754.9576322083
1.5314896119101395	-47632.468706653875
1.5330618805055298	-52134.569269196436
1.53463414910092	-57398.00830759731
1.5362064176963104	-63597.80390883013
1.5377786862917007	-70960.46012483648
1.539350954887091	-79782.6940019559
1.5409232234824812	-90458.40488889867
1.5424954920778715	-103518.2126948657
1.5440677606732618	-119688.57389729115
1.545640029268652	-139982.11648425882
1.5472122978640424	-165839.07388792935
1.5487845664594326	-199354.8385481097
1.550356835054823	-243657.52147246702
1.5519291036502132	-303556.7757747548
1.5535013722456035	-386704.7223629143
1.5550736408409938	-505773.11958882073
1.556645909436384	-682769.0977242517
1.5582181780317743	-958177.9103226608
1.5597904466271646	-1.4119712567317663e6
1.5613627152225549	-2.2170599432737385e6
1.5629349838179452	-3.794512142610654e6
1.5645072524133354	-7.352894863097249e6
1.5660795210087257	-1.73219282879017e7
1.567651789604116	-5.8203650847846515e7
1.5692240581995063	-4.643929827743917e8
1.5707963267948966	-7.8548517861701e48